UID,FinalClass
2051651,4.211600145940992
9860471,0.0
8154684,0.0
5803666,0.0
6418019,7.897990389257078
6914659,12.001014431028045
4540765,7.097485993516805
8964453,5.145389098722264
5281670,1.6459149083587348
2384475,11.28160828337318
5187413,14.0088782581952
4114373,7.452151633224363
4779274,11.425816897309783
1280995,14.607818286386433
8190737,4.165078371051453
4380745,13.093775244174845
