UID,FinalClass
2051651,6.055157078538269
9860471,0.0
8154684,0.0
5803666,0.0
6418019,9.67862124200022
6914659,9.880590396494052
4540765,6.654996834583246
8964453,6.871091183127211
5281670,8.596547024552518
2384475,10.596030001759072
5187413,10.52763759074327
4114373,10.942107596539362
4779274,10.431573862539944
1280995,11.65043290201925
8190737,9.134894336038188
4380745,12.775774496519952
