UID,FinalClass
2051651,4.561489511867349
9860471,0.0
8154684,0.0
5803666,0.0
6418019,9.836338308733602
6914659,10.294733811127614
4540765,3.409558051914836
8964453,3.890508663801796
5281670,7.972754518298011
2384475,11.552175107599451
5187413,11.867958088115198
4114373,12.395318063984185
4779274,11.384980242754253
1280995,13.640897928662728
8190737,9.605472569441185
4380745,13.643065947884017
