UID,FinalClass
2051651,5.468450914613243
9860471,0.0
8154684,0.0
5803666,0.0
6418019,12.806968394354598
6914659,9.56380275773808
4540765,3.775036151059453
8964453,1.390953107687544
5281670,10.14175142956691
2384475,13.39121707934538
5187413,9.044337581376254
4114373,12.860265818777869
4779274,11.862254341371006
1280995,13.79112884331493
8190737,9.78236795404657
4380745,14.27715945583634
