UID,FinalClass
2051651,5.208282530632749
9860471,0.0
8154684,0.0
5803666,0.0
6418019,11.186958777406566
6914659,9.303634373757504
4540765,1.1016477314302031
8964453,0.8099929550081573
5281670,6.780481676164278
2384475,12.219901815776886
5187413,8.78416919739577
4114373,13.538648827372745
4779274,11.60208595739041
1280995,13.530960459334386
8190737,9.522199570066066
4380745,14.016991071855603
