UID,FinalClass
2051651,4.817290048524503
9860471,0.0
8154684,0.0
5803666,0.0
6418019,7.659326773349585
6914659,12.059466299920384
4540765,7.885910856186448
8964453,5.4586730189513935
5281670,3.753012401972902
2384475,10.68803487437811
5187413,13.933480503293696
4114373,9.12399675166216
4779274,11.641055205943983
1280995,15.59244660897564
8190737,3.586705336971131
4380745,13.056644466928256
