UID,FinalClass
2051651,-0.2786009944225251
9860471,0.0
8154684,0.0
5803666,0.0
6418019,0.46919044662456
6914659,-0.1092046547343454
4540765,-10.786247807635007
8964453,-7.519444840560255
5281670,-4.806177349505434
2384475,3.470987490858325
5187413,5.583260839330994
4114373,5.261124676861643
4779274,2.818306306002068
1280995,6.783571052775746
8190737,1.9160220815284317
4380745,2.1245647367781166
