UID,FinalClass
2051651,6.045125874108631
9860471,0.0
8154684,0.0
5803666,0.0
6418019,9.477852108924916
6914659,9.628912660028911
4540765,7.507385796292882
8964453,7.507389672678115
5281670,8.494114123188313
2384475,10.085828313470069
5187413,10.861052218929222
4114373,10.940949120858678
4779274,9.898226581210336
1280995,11.736590852519315
8190737,9.162108573554177
4380745,12.448879104936749
