UID,FinalClass
2051651,5.60489244179144
9860471,0.0
8154684,0.0
5803666,0.0
6418019,9.966014544789
6914659,10.772630333471314
4540765,8.707284544641697
8964453,6.711267370341897
5281670,7.260161122576354
2384475,10.7202471175391
5187413,12.051584350341448
4114373,11.73683776573497
4779274,10.770611754736692
1280995,13.056676894945028
8190737,9.61518529449172
4380745,15.050966855050214
