UID,FinalClass
2051651,9.600922122724764
9860471,0.0
8154684,0.0
5803666,0.0
6418019,10.077122259153306
6914659,10.113823016565194
4540765,9.944797864481249
8964453,9.873168799669662
5281670,9.930370421923875
2384475,10.142289419244186
5187413,10.223521919515814
4114373,10.216472817798872
4779274,10.116402117558948
1280995,10.3020822934709
8190737,10.019072954103104
4380745,10.366938670177577
