UID,FinalClass
2051651,4.797502058980144
9860471,0.0
8154684,0.0
5803666,0.0
6418019,10.636809760188564
6914659,9.138786777418092
4540765,5.294603350060328
8964453,4.737498763239321
5281670,7.312481161870127
2384475,10.67215272647299
5187413,10.55747872030977
4114373,11.914034471783364
4779274,10.572984396892045
1280995,13.806739252495875
8190737,9.57839450986175
4380745,14.467713959676525
