UID,FinalClass
2051651,8.144607509710296
9860471,0.0
8154684,0.0
5803666,0.0
6418019,9.657508119923392
6914659,10.241917280843673
4540765,8.274277901763472
8964453,7.626247692258108
5281670,8.707943079779932
2384475,10.742886132296777
5187413,11.42903926949315
4114373,11.410625533581722
4779274,10.443694777390029
1280995,12.236683274481017
8190737,9.079052174268975
4380745,10.901173578709791
