UID,FinalClass
2051651,6.3662677481632
9860471,0.0
8154684,0.0
5803666,0.0
6418019,9.665315653579338
6914659,9.815074708559225
4540765,7.032628581863732
8964453,7.195035124621772
5281670,8.660284964744507
2384475,10.457792753193544
5187413,10.391308900874805
4114373,10.788365990255286
4779274,10.29891738028786
1280995,11.425104888579416
8190737,9.143962679171583
4380745,12.507428290348615
