UID,FinalClass
2051651,4.0686555432886005
9860471,0.0
8154684,0.0
5803666,0.0
6418019,9.627574417152278
6914659,10.483338924271903
4540765,2.5062747928187035
8964453,3.3973589974790483
5281670,7.991423396393958
2384475,11.744089302270504
5187413,12.30164771270166
4114373,12.69754818222298
4779274,11.628130532124914
1280995,13.977046272080138
8190737,9.629276694764709
4380745,13.807852203343522
