UID,FinalClass
2051651,9.312280344493496
9860471,0.0
8154684,0.0
5803666,0.0
6418019,10.686810118220672
6914659,6.950717935635852
4540765,1.78668935909015
8964453,3.038255227112768
5281670,4.243534348067033
2384475,9.811353626070188
5187413,10.6458735279824
4114373,15.801199066805864
4779274,9.261459981008704
1280995,16.790416333703707
8190737,10.021241943425608
4380745,14.88566417739505
