UID,FinalClass
2051651,5.468450914613669
9860471,0.0
8154684,0.0
5803666,0.0
6418019,3.3288122956342647
6914659,9.563802757738046
4540765,3.948871228287232
8964453,1.3909531076878636
5281670,10.578104625382965
2384475,13.391217079345267
5187413,9.044337581376311
4114373,15.7334294501415
4779274,11.862254341371
1280995,13.791128843315022
8190737,9.782367954046832
4380745,14.277159455836255
