UID,FinalClass
2051651,3.0945364872273395
9860471,0.0
8154684,0.0
5803666,0.0
6418019,3.1750657333236765
6914659,8.096687515305176
4540765,6.725255982207158
8964453,4.048316401250557
5281670,3.443825367736376
2384475,9.923182209484708
5187413,11.51357300350282
4114373,7.537747112948602
4779274,10.094821417702796
1280995,14.302425969986556
8190737,2.985311606173514
4380745,12.77133115643616
