UID,FinalClass
2051651,5.387441281285685
9860471,0.0
8154684,0.0
5803666,0.0
6418019,11.297442313523891
6914659,9.482793124410431
4540765,1.2882173006243305
8964453,1.338732288453491
5281670,7.263125379353191
2384475,12.404885173841416
5187413,8.96332794804869
4114373,13.72550535279498
4779274,11.781244708043342
1280995,13.71011920998732
8190737,9.701358320719
4380745,14.19614982250856
