UID,FinalClass
2051651,8.73919473101364
9860471,0.0
8154684,0.0
5803666,0.0
6418019,9.647433788110902
6914659,9.718138447110787
4540765,9.38132296247854
8964453,9.277368268739188
5281670,9.40415631864838
2384475,9.792641859169311
5187413,9.973350845252364
4114373,9.99361698122545
4779274,9.712237493981544
1280995,10.190291465083057
8190737,9.48865377248
4380745,10.54712394663891
