UID,FinalClass
2051651,-3.888711493452875
9860471,0.0
8154684,0.0
5803666,0.0
6418019,-1.6130487879746622
6914659,-0.8885342917667525
4540765,-12.30321576068276
8964453,-9.580324573930373
5281670,-4.4702799373356354
2384475,0.777601949623364
5187413,3.787107530638144
4114373,3.491816721388431
4779274,1.3877799590181494
1280995,4.756560702339344
8190737,1.0194980700163814
4380745,0.9702741125462816
