UID,FinalClass
2051651,9.307846474941028
9860471,0.0
8154684,0.0
5803666,0.0
6418019,9.45207555461734
6914659,9.469765414778792
4540765,9.412284453584476
8964453,9.389269017313053
5281670,9.405302385854553
2384475,9.471178609359852
5187413,9.500796577699187
4114373,9.493605601508692
4779274,9.469680653763524
1280995,9.525361095711506
8190737,9.4389427544908
4380745,9.550763471176998
