UID,FinalClass
2051651,5.593305601650863
9860471,0.0
8154684,0.0
5803666,0.0
6418019,9.369186286384968
6914659,9.558081887325304
4540765,7.161646048083376
8964453,7.183324588205657
5281670,8.304842800004
2384475,10.034189776500035
5187413,10.995840856387565
4114373,11.048154516580222
4779274,9.849567937148716
1280995,11.943679700193586
8190737,9.078565385787249
4380745,12.631354700783682
