UID,FinalClass
2051651,4.760102863266285
9860471,0.0
8154684,0.0
5803666,0.0
6418019,2.805206534968764
6914659,11.378518618101833
4540765,10.464192388950933
8964453,5.883944211916622
5281670,4.106132208370616
2384475,12.97911386532671
5187413,14.02824539861756
4114373,10.248695607009626
4779274,11.841107301141427
1280995,14.67982130525814
8190737,4.298611283715906
4380745,13.2823104956235
