UID,FinalClass
2051651,6.067175136424959
9860471,0.0
8154684,0.0
5803666,0.0
6418019,9.624121756928387
6914659,9.830973235493968
4540765,6.669476568118325
8964453,6.881330555715598
5281670,8.563917162707558
2384475,10.51643760146852
5187413,10.52090306320282
4114373,10.905057109335347
4779274,10.361046824320672
1280995,11.611932568779268
8190737,9.121141953784509
4380745,12.665327377851336
