UID,FinalClass
2051651,5.437275554106973
9860471,0.0
8154684,0.0
5803666,0.0
6418019,9.477406285094329
6914659,9.669379726972572
4540765,7.0755875411709335
8964453,7.0997193255277145
5281670,8.340913291259339
2384475,10.22009190163481
5187413,11.099444778995922
4114373,11.191331747111844
4779274,10.003181945675546
1280995,12.125567196938444
8190737,9.1038457362043
4380745,12.95170951476183
