UID,FinalClass
2051651,3.342661229765364
9860471,0.0
8154684,0.0
5803666,0.0
6418019,6.443689115810899
6914659,7.879273566365313
4540765,8.983463453415746
8964453,4.705190075331596
5281670,8.161087342129207
2384475,8.350703007008784
5187413,9.162488595359587
4114373,11.500542366865126
4779274,8.171148223657957
1280995,8.381231183063006
8190737,3.9055997752061833
4380745,7.391056169815688
