UID,FinalClass
2051651,7.604345993251167
9860471,0.0
8154684,0.0
5803666,0.0
6418019,10.755210970834764
6914659,10.315869967810624
4540765,10.324806893749432
8964453,9.85992932246056
5281670,9.62100414863635
2384475,10.749059827912085
5187413,10.64133080056052
4114373,11.216488904216378
4779274,10.47451657811387
1280995,11.452104765342854
8190737,9.770824576270275
4380745,11.423647704784203
