UID,FinalClass
2051651,6.305217959880029
9860471,0.0
8154684,0.0
5803666,0.0
6418019,12.048921237141656
6914659,9.379369921501826
4540765,6.076317055252334
8964453,6.137596410260395
5281670,8.491881102522655
2384475,10.269249239520065
5187413,11.002256617739311
4114373,14.44265973335404
4779274,11.013221982955136
1280995,16.06631205591013
8190737,11.44245109483342
4380745,16.44873299716261
