UID,FinalClass
2051651,6.212363229667211
9860471,0.0
8154684,0.0
5803666,0.0
6418019,12.067005574950354
6914659,9.331896027531249
4540765,5.868736191545019
8964453,5.88130723042903
5281670,8.418299960737665
2384475,10.377202122070797
5187413,10.736614698067232
4114373,14.326146661594464
4779274,11.033123273370398
1280995,15.913861637255852
8190737,11.291391472709114
4380745,16.441292793472854
