UID,FinalClass
2051651,6.256305809345148
9860471,0.0
8154684,0.0
5803666,0.0
6418019,11.921925494859725
6914659,8.9401721587937
4540765,5.169749439766366
8964453,5.042885111917805
5281670,8.567145938460508
2384475,9.802272379222993
5187413,8.75186204187215
4114373,12.539616549391484
4779274,10.767412357511818
1280995,15.367259351969624
8190737,10.732682196501932
4380745,16.932800779221274
