UID,FinalClass
2051651,5.451693761428263
9860471,0.0
8154684,0.0
5803666,0.0
6418019,11.335184200954895
6914659,8.515842118394232
4540765,4.158625382137855
8964453,4.011688854517585
5281670,8.749527552221977
2384475,8.444617650642497
5187413,8.40043574029858
4114373,11.532861263748444
4779274,10.490570390247086
1280995,16.791146508659462
8190737,10.79076666089493
4380745,17.694338932082513
