UID,FinalClass
2051651,11.871146540253802
9860471,0.0
8154684,0.0
5803666,0.0
6418019,10.67932383890284
6914659,11.661950643450988
4540765,11.595262791264076
8964453,11.766395086443046
5281670,11.71434586714606
2384475,11.660784631152897
5187413,11.597980622761416
4114373,10.73484718763289
4779274,11.661950643450988
1280995,13.585809166420647
8190737,11.87291884330995
4380745,12.550684164290312
