UID,FinalClass
2051651,8.387678496560072
9860471,0.0
8154684,0.0
5803666,0.0
6418019,8.944653845860165
6914659,9.14000607597012
4540765,8.14901142339549
8964453,8.354862733481957
5281670,8.826218293459917
2384475,9.324251862151703
5187413,9.273296541688014
4114373,9.32275029305169
4779274,9.256231574851835
1280995,9.452454281262492
8190737,9.067530076001056
4380745,9.433873243625507
