UID,FinalClass
2051651,5.2023708126557136
9860471,0.0
8154684,0.0
5803666,0.0
6418019,13.406252725072804
6914659,10.6688845103625
4540765,5.807364817415408
8964453,12.531324837322863
5281670,9.435727797142585
2384475,12.841529744979931
5187413,7.586644923803464
4114373,14.463455782839992
4779274,12.12170579238704
1280995,18.65821502362905
8190737,22.86365395735997
4380745,11.790065297247022
