UID,FinalClass
2051651,7.3135800868714655
9860471,0.0
8154684,0.0
5803666,0.0
6418019,7.896575746329066
6914659,10.3987818674348
4540765,8.495076627755088
8964453,12.505704387085116
5281670,6.503435593298249
2384475,12.95543436871715
5187413,11.188888265586735
4114373,10.736753575303462
4779274,10.167032749833735
1280995,15.999221814435773
8190737,12.01620734055788
4380745,11.257346943329871
