UID,FinalClass
2051651,12.473711410750688
9860471,0.0
8154684,0.0
5803666,0.0
6418019,1.0315504762244263
6914659,3.7573893906374254
4540765,-6.390010775404809
8964453,-1.955697653857909
5281670,5.139260533203945
2384475,1.4676023566118823
5187413,3.819991986160512
4114373,1.8967637906754968
4779274,4.431437462879794
1280995,1.567422883389172
8190737,8.086677485374265
4380745,-10.258530317367615
