UID,FinalClass
2051651,10.267604468221167
9860471,0.0
8154684,0.0
5803666,0.0
6418019,4.472879439275536
6914659,5.133907999393935
4540765,0.2402306653568349
8964453,2.8544413085276137
5281670,5.89834089853698
2384475,5.004140886381512
5187413,5.015789029722636
4114373,4.636140167870643
4779274,6.1138704466030775
1280995,4.068646443458091
8190737,7.684032892084525
4380745,-1.9223529868709548
