UID,FinalClass
2051651,8.62575203091274
9860471,0.0
8154684,0.0
5803666,0.0
6418019,9.268266242364872
6914659,9.322123808671003
4540765,8.952987523681738
8964453,8.952035980157081
5281670,9.055532067632855
2384475,9.429432220636896
5187413,9.528906093108793
4114373,9.57669281808877
4779274,9.359430936373313
1280995,9.73207944019101
8190737,9.172601876582718
4380745,9.889791524694743
