UID,FinalClass
2051651,6.9598485060922055
9860471,0.0
8154684,0.0
5803666,0.0
6418019,2.383470239005451
6914659,2.019861486772683
4540765,1.6437630033302826
8964453,2.622463682806967
5281670,3.141316102101184
2384475,2.1388419492370105
5187413,2.583815477422501
4114373,2.407173671168191
4779274,2.622483790117856
1280995,1.8475934519417905
8190737,3.960931943889223
4380745,-1.4776509146050731
