UID,FinalClass
2051651,10.770435121629871
9860471,0.0
8154684,0.0
5803666,0.0
6418019,11.850453068667122
6914659,11.468453048349858
4540765,6.4760859944615845
8964453,7.567655733216526
5281670,16.975061378390564
2384475,13.013527151419112
5187413,8.020374579415062
4114373,17.590438771599025
4779274,12.183074726760395
1280995,23.079938545654727
8190737,41.016788133676016
4380745,5.183518686818246
