UID,FinalClass
2051651,5.736691139353425
9860471,0.0
8154684,0.0
5803666,0.0
6418019,9.537061770772551
6914659,8.979640687725244
4540765,5.629052502344978
8964453,6.421845361102582
5281670,8.107587705333497
2384475,10.963838071781968
5187413,10.34347546789178
4114373,11.567533170904658
4779274,10.508507741349806
1280995,13.914864198892609
8190737,10.246312935459365
4380745,13.719260067662786
