UID,FinalClass
2051651,7.999747551700349
9860471,0.0
8154684,0.0
5803666,0.0
6418019,9.739301171242351
6914659,10.285857723174647
4540765,8.17522792926105
8964453,7.793534298068861
5281670,8.855151315225015
2384475,10.730900319729376
5187413,11.391440726559
4114373,11.389655075798755
4779274,10.45202680653578
1280995,12.210507098709002
8190737,9.180614057271224
4380745,11.1947975616431
