id,MidtermClass
4380745,12.274898685908711
8190737,12.214837236369009
2051651,10.266027379384745
8964453,9.524840285560153
2384475,11.503398915819304
6914659,11.723640210010863
5187413,11.433687390823032
4540765,9.536186002153823
6418019,10.947525407751971
4114373,11.011288114800841
1280995,11.946221816451613
5281670,10.180461614953655
4779274,11.991365886552474
