id,MidtermClass
4380745,15.813020529191201
8190737,11.216323369208828
2051651,13.308520784784008
8964453,11.59703246618115
2384475,14.005457003861059
6914659,12.928024174603713
5187413,12.21034597516988
4540765,11.0106387133724
6418019,6.941594334664943
4114373,9.10906100799777
1280995,14.072765848621845
5281670,9.640328296047425
4779274,11.660490215767533
