id,MidtermClass
4380745,9.149609441406417
8190737,11.415236342639938
2051651,9.441645559190361
8964453,8.341843888187745
2384475,13.412191495508152
6914659,12.111635482718865
5187413,12.48553017608905
4540765,6.3933105055072
6418019,8.797985247923721
4114373,13.599429420452037
1280995,13.446346683943894
5281670,9.52390695891496
4779274,16.145344893087767
