id,MidtermClass
4380745,11.411547172398466
8190737,11.03083104590178
2051651,9.090021742566918
8964453,8.780318691567276
2384475,11.363724524386765
6914659,11.3595890392974
5187413,11.363724524386765
4540765,9.135608022468867
6418019,9.413518246063422
4114373,9.13784439057862
1280995,11.819478588529812
5281670,9.328398797731644
4779274,11.363724524386765
