id,MidtermClass
4380745,11.620863495332351
8190737,11.46211924971397
2051651,10.339489313146869
8964453,9.762661454863009
2384475,11.663993832742051
6914659,11.848409886460612
5187413,11.634110930664177
4540765,9.826267409661707
6418019,10.98726955027223
4114373,10.548081307501212
1280995,11.858539093894592
5281670,10.402096246171196
4779274,12.151783922185386
