id,MidtermClass
4380745,14.140273774044239
8190737,14.539369249423657
2051651,10.140725553086996
8964453,8.858973441104395
2384475,11.770044693205168
6914659,12.452000725708317
5187413,11.248111116475803
4540765,7.976297975715948
6418019,10.53743298876751
4114373,12.406437774586701
1280995,12.964061078603786
5281670,9.519784630258915
4779274,12.892843134046972
