id,MidtermClass
4380745,10.879563140812614
8190737,10.838854208405127
2051651,10.52148855358341
8964453,10.380303841819881
2384475,10.77950049412027
6914659,10.88009145192892
5187413,10.766485545498984
4540765,10.44354244917063
6418019,10.705787769318775
4114373,10.642054199598764
1280995,10.866388826691505
5281670,10.542485281814356
4779274,10.859080946295627
