id,MidtermClass
4380745,13.556501138660936
8190737,13.253762948378371
2051651,9.928831803166775
8964453,7.482865689504142
2384475,12.17059859374568
6914659,13.387559819199533
5187413,12.038368335733544
4540765,9.024456333765247
6418019,11.522816344661207
4114373,11.281989118524733
1280995,13.11836356151781
5281670,8.93547012615954
4779274,13.120479543847749
