id,MidtermClass
4380745,11.41019780115338
8190737,11.500116998190798
2051651,8.825015503149851
8964453,8.543968554850586
2384475,11.420053316477336
6914659,10.620456249628974
5187413,11.395522902316902
4540765,8.987066076527052
6418019,10.542008305262826
4114373,10.000173842802724
1280995,11.860748527196206
5281670,9.405375824950525
4779274,11.176967630174982
