id,MidtermClass
4380745,1.3709495166155234
8190737,1.1832527772898958
2051651,-0.12847053975834222
8964453,-1.1331102171075949
2384475,0.7374504536300329
6914659,1.2366704057976328
5187413,0.7540894917198093
4540765,-0.5615045445369626
6418019,0.6512981134658553
4114373,0.36254724498999347
1280995,1.1427648211472319
5281670,-0.5489680450441803
4779274,0.989367775730539
