id,MidtermClass
4380745,14.393042119816176
8190737,14.819658983861856
2051651,10.366508384651064
8964453,9.16533411310356
2384475,11.680103483298838
6914659,12.514924924715512
5187413,11.079549460808812
4540765,7.975049208708059
6418019,10.407443356948342
4114373,12.424136342634874
1280995,12.9508970507707
5281670,9.583643751016648
4779274,12.980302953344921
