id,MidtermClass
4380745,16.34977628820775
8190737,14.698137778906627
2051651,17.745185926317504
8964453,11.837068180704094
2384475,13.359183968776904
6914659,11.819827441171881
5187413,15.101849699125964
4540765,15.946616675602044
6418019,2.0896217852090473
4114373,8.38130043364697
1280995,12.06002614319479
5281670,9.69975795740362
4779274,18.218528101791563
