id,MidtermClass
4380745,3.069510107668963
8190737,2.7760171797780293
2051651,0.257310253382108
8964453,-1.3113563850456276
2384475,2.205612354751471
6914659,3.242853707255694
5187413,2.06282154563767
4540765,-0.45971892041182516
6418019,1.5912140761778577
4114373,1.1708842795276597
1280995,3.031458340993015
5281670,-0.1484417547822147
4779274,3.0382589837610268
