id,MidtermClass
4380745,12.456336857965606
8190737,12.316384212688014
2051651,10.269056855497523
8964453,9.424036460201185
2384475,11.804794513929115
6914659,12.152105729005443
5187413,11.760183515851455
4540765,9.65507768691112
6418019,11.183756900846314
4114373,11.029518594391073
1280995,12.266622673141214
5281670,10.296318547158423
4779274,12.37825402720569
