id,MidtermClass
4380745,10.69844764653614
8190737,10.265625305858803
2051651,9.36330824252865
8964453,8.807052556046164
2384475,10.69844764653614
6914659,10.69844764653614
5187413,10.39738032092774
4540765,9.48063425843758
6418019,9.44090698364446
4114373,9.36330824252865
1280995,10.69844764653614
5281670,10.025416284732056
4779274,10.69844764653614
