id,MidtermClass
4380745,11.518389860413086
8190737,11.524145668378027
2051651,7.706843081689871
8964453,7.267857898526834
2384475,15.220319925261345
6914659,10.059626489276356
5187413,13.945684965241092
4540765,3.381610526882174
6418019,5.962042501580006
4114373,8.614041799874665
1280995,14.402529800249365
5281670,8.139228531423614
4779274,17.805566537955723
