id,MidtermClass
4380745,0.8723149651021345
8190737,6.610116223731751
2051651,14.972762746288339
8964453,0.44138870347242687
2384475,13.891357928485093
6914659,16.364853500127793
5187413,16.94991473819232
4540765,-1.8100758942682376
6418019,-0.7865561130334413
4114373,8.79069686922972
1280995,15.390770282561277
5281670,1.6847434680648519
4779274,24.42201837885409
