id,MidtermClass
4380745,10.98537590187663
8190737,10.90254518104317
2051651,10.208530040043335
8964453,9.918928798492843
2384475,10.742121254933734
6914659,10.94692397563975
5187413,10.727850690487982
4540765,10.047124317409457
6418019,10.615228205603735
4114373,10.487850873104543
1280995,10.93248347820909
5281670,10.250468541334403
4779274,10.898322501332736
