id,MidtermClass
4380745,11.764853255854653
8190737,11.596919062997777
2051651,10.41373857215534
8964453,9.806856005223459
2384475,11.810245346431682
6914659,12.00384868841393
5187413,11.778952294234651
4540765,9.872881339371727
6418019,11.096299286422795
4114373,10.634049082947904
1280995,12.01439295816776
5281670,10.480781174232428
4779274,12.32328040147006
