id,MidtermClass
4380745,10.664536822561075
8190737,10.64887587997548
2051651,10.53487517244767
8964453,10.477837712258237
2384475,10.626120701145926
6914659,10.662302121977906
5187413,10.62227667113859
4540765,10.505048420933749
6418019,10.602475128019991
4114373,10.579362313333297
1280995,10.657930525006904
5281670,10.537497965036152
4779274,10.653466986982039
