id,MidtermClass
4380745,14.535302679315475
8190737,13.741832998153914
2051651,9.347009723741031
8964453,7.381105041928761
2384475,13.565731054804784
6914659,16.319738183071443
5187413,13.247971805468046
4540765,8.536784712352077
6418019,12.123835860411283
4114373,10.800673104397184
1280995,15.003001233952345
5281670,10.059139484377274
4779274,15.561835114239956
