id,MidtermClass
4380745,9.148746089661294
8190737,11.383243617546663
2051651,9.463978916374455
8964453,8.315861224675563
2384475,13.41323020663801
6914659,12.132145535266039
5187413,12.476392130501038
4540765,6.385726057348503
6418019,8.791398209649852
4114373,13.593579253648691
1280995,13.415474146588716
5281670,9.478191977975957
4779274,16.154254791955676
