id,MidtermClass
4380745,13.122846418495786
8190737,16.403556393714048
2051651,12.142879867619623
8964453,8.714944789380718
2384475,13.997682492676597
6914659,12.057781854882986
5187413,11.992076000698901
4540765,9.508292544219248
6418019,7.288761815571584
4114373,7.276066025231274
1280995,12.511862042531794
5281670,10.931542069421532
4779274,11.143474856268414
