id,MidtermClass
4380745,14.534975258481643
8190737,13.712616553796387
2051651,9.297916700823428
8964453,7.310693173833878
2384475,13.596958203410987
6914659,16.488367637510986
5187413,13.257471636446152
4540765,8.512105929166768
6418019,12.104332712768533
4114373,10.720837517935989
1280995,15.05875706257235
5281670,10.043704551986576
4779274,15.683781514282643
