id,MidtermClass
4380745,-12.208973429327276
8190737,-9.387397836158986
2051651,-18.01527597710714
8964453,-18.05651366944841
2384475,-8.50035489506394
6914659,-23.74655280699648
5187413,-11.339743353427824
4540765,-28.819049208497407
6418019,-20.700670785751644
4114373,-12.746586031236806
1280995,-15.297458025919699
5281670,-21.59126673525822
4779274,-20.959912156106387
