id,MidtermClass
4380745,8.717215343151079
8190737,10.8520794658576
2051651,9.826685652755373
8964453,8.733069506866785
2384475,13.965136042831428
6914659,12.650580355385028
5187413,13.101148496995371
4540765,6.460353561395888
6418019,9.452444122226446
4114373,13.506788104144785
1280995,13.939357713842156
5281670,9.895361469723497
4779274,16.716906761421473
