id,MidtermClass
4380745,10.952746119565234
8190737,10.803493331258979
2051651,10.052608270316334
8964453,9.611939894987568
2384475,10.8544694920455
6914659,11.180079842125608
5187413,10.883913169437147
4540765,9.953456870515955
6418019,10.636317300574955
4114373,10.225293408255965
1280995,11.071444267255286
5281670,10.1948827017956
4779274,11.23616784686591
