id,MidtermClass
4380745,15.464353462992621
8190737,15.757525461890474
2051651,16.66924588730311
8964453,12.623704295300648
2384475,16.037196628382972
6914659,17.477609388846915
5187413,15.720422110127638
4540765,15.790469710385272
6418019,13.659414631462834
4114373,14.576769299307513
1280995,15.92549477564723
5281670,13.50276451765276
4779274,17.882715587929447
