id,MidtermClass
4380745,8.36580144860405
8190737,10.594067822210619
2051651,10.252328559057963
8964453,9.136782892908414
2384475,14.289685782929087
6914659,13.783039120618344
5187413,13.254103856698947
4540765,7.675126409432254
6418019,9.312511108248632
4114373,13.849685584729876
1280995,14.162509733039935
5281670,10.520949247504682
4779274,17.808935915368675
