id,MidtermClass
4380745,7.891915413107236
8190737,8.0420038004412
2051651,7.317089953138163
8964453,6.613952435702806
2384475,8.171650147711379
6914659,8.13107740908733
5187413,9.017788263272676
4540765,9.413700659603705
6418019,8.1260292291178
4114373,6.889530672936911
1280995,9.616656234677865
5281670,5.02473430883972
4779274,8.171118908835341
