id,MidtermClass
4380745,14.10846840779792
8190737,13.3402933225558
2051651,8.699102651469973
8964453,7.1307726635739055
2384475,12.751152610490204
6914659,14.1547441481104
5187413,12.54904860298206
4540765,8.916454891964495
6418019,11.74378056950928
4114373,9.812016331919466
1280995,13.877380882627085
5281670,9.945220418616382
4779274,13.322702912612245
