id,MidtermClass
4380745,11.67427562423737
8190737,11.543419627051128
2051651,10.223743039241244
8964453,9.628919707644393
2384475,11.382080270442637
6914659,11.64709522228764
5187413,11.362992159284278
4540765,9.760720033197781
6418019,10.882951252317824
4114373,10.646427813427705
1280995,11.684433165055157
5281670,10.262206128197503
4779274,11.851450250733693
