id,MidtermClass
4380745,21.2032513396735
8190737,18.2336425059965
2051651,13.815893205282379
8964453,7.337513583011429
2384475,14.331772371128977
6914659,15.626125848361824
5187413,12.675188437549423
4540765,10.433706409948627
6418019,12.969851973276661
4114373,3.741073533595255
1280995,18.58928539767487
5281670,11.508881348894704
4779274,7.544151565240554
