id,MidtermClass
4380745,10.718159004172223
8190737,10.967798832047794
2051651,6.282329834817335
8964453,4.90299504966114
2384475,8.700497472385464
6914659,9.491332472368432
5187413,8.23171623592798
4540765,3.9138604153097827
6418019,7.472004136263715
4114373,8.843486861821424
1280995,10.087372724161966
5281670,6.070055797497731
4779274,9.706084253494156
