id,MidtermClass
4380745,-0.6058982997529516
8190737,-2.3226379045648384
2051651,-5.1422539902389035
8964453,-5.264411511791699
2384475,-0.8752904760097713
6914659,4.601503999853293
5187413,-1.422305767698813
4540765,-3.417290372283187
6418019,-3.3470548754099196
4114373,-6.027600006463674
1280995,1.285147687913657
5281670,-3.684802703859133
4779274,2.9945743065515495
