id,MidtermClass
4380745,14.010065016715714
8190737,13.50230563130699
2051651,6.797109137895596
8964453,3.7189751435027416
2384475,11.794713537193239
6914659,13.383436575166002
5187413,11.513816666744335
4540765,-0.8195561622034475
6418019,11.988710251216387
4114373,11.254050749014727
1280995,15.855889522191934
5281670,6.3548337069040635
4779274,13.044690504653996
