id,MidtermClass
4380745,10.928770746110885
8190737,10.892559948562385
2051651,10.482885118657359
8964453,10.254204883952129
2384475,10.89189974380032
6914659,10.913973877371244
5187413,10.892021806685056
4540765,10.2963026956611
6418019,10.786360919365107
4114373,10.676698289025953
1280995,10.986800071948007
5281670,10.48936489742938
4779274,10.961856605963787
