id,MidtermClass
4380745,11.533877522309307
8190737,11.39195170401141
2051651,10.388726405392127
8964453,9.876404189459064
2384475,11.570276648811744
6914659,11.735621922084706
5187413,11.549301998429257
4540765,9.926106600208623
6418019,10.968520627711971
4114373,10.59422916300223
1280995,11.747820858676048
5281670,10.447138841826401
4779274,12.00742744249972
