id,MidtermClass
4380745,11.701144903388892
8190737,11.520094548223717
2051651,10.241267039557034
8964453,9.585915753959153
2384475,11.749594998433093
6914659,11.959970411125019
5187413,11.71644493340285
4540765,9.657315894024292
6418019,10.979493487730524
4114373,10.479692507274551
1280995,11.971445433635488
5281670,10.313942182123336
4779274,12.305496088940245
