id,MidtermClass
4380745,11.33087762547251
8190737,11.383015497924202
2051651,8.921329003387985
8964453,8.245129668701326
2384475,11.171098437969388
6914659,10.627867790191099
5187413,11.160353506020286
4540765,8.832474331114486
6418019,10.519381736907707
4114373,10.038905366663093
1280995,11.598131854539057
5281670,9.134190188170777
4779274,11.094426713206879
