id,MidtermClass
4380745,12.31352679816265
8190737,12.179625738059652
2051651,10.013954487507299
8964453,9.141130083132015
2384475,11.598802927897225
6914659,11.939913545472512
5187413,11.549975052782216
4540765,9.3593020577417
6418019,10.957330655909168
4114373,10.839155448343773
1280995,12.081446954747513
5281670,10.034587480670226
4779274,12.173066951392245
