id,MidtermClass
4380745,9.754021655131242
8190737,9.389425171838885
2051651,7.996741714171933
8964453,7.996741714171933
2384475,10.249244807009754
6914659,10.210159512356933
5187413,9.48908446264124
4540765,8.313608003465655
6418019,7.9142389177813985
4114373,8.027728785395196
1280995,9.699922585604048
5281670,8.613227108689367
4779274,10.183900333372346
