id,MidtermClass
4380745,11.90060152939718
8190737,13.172987664433895
2051651,11.254439249570847
8964453,12.788679305038032
2384475,14.012470786128326
6914659,10.564147217184736
5187413,11.359143016464792
4540765,9.161698073917641
6418019,9.536797699638322
4114373,11.081155228311022
1280995,12.042348931633951
5281670,6.450113006046022
4779274,14.003759726017247
