UID,MidtermClass
2051651,8.825015503149851
9860471,0.0
8154684,0.0
5803666,0.0
6418019,10.542008305262826
6914659,10.620456249628974
4540765,8.987066076527052
8964453,8.543968554850586
5281670,9.405375824950523
2384475,11.420053316477336
5187413,11.395522902316902
4114373,10.000173842802724
4779274,11.176967630174982
1280995,11.860748527196206
8190737,11.500116998190798
4380745,11.41019780115338
