UID,MidtermClass
2051651,-0.1284705397583422
9860471,0.0
8154684,0.0
5803666,0.0
6418019,0.6512981134658553
6914659,1.2366704057976328
4540765,-0.5615045445369626
8964453,-1.1331102171075949
5281670,-0.5489680450441803
2384475,0.7374504536300329
5187413,0.7540894917198093
4114373,0.3625472449899934
4779274,0.989367775730539
1280995,1.142764821147232
8190737,1.1832527772898958
4380745,1.3709495166155234
