UID,MidtermClass
2051651,10.52148855358341
9860471,0.0
8154684,0.0
5803666,0.0
6418019,10.705787769318777
6914659,10.88009145192892
4540765,10.44354244917063
8964453,10.38030384181988
5281670,10.542485281814356
2384475,10.77950049412027
5187413,10.766485545498984
4114373,10.642054199598764
4779274,10.859080946295627
1280995,10.866388826691503
8190737,10.838854208405127
4380745,10.879563140812614
