UID,MidtermClass
2051651,17.745185926317504
9860471,0.0
8154684,0.0
5803666,0.0
6418019,2.0896217852090477
6914659,11.81982744117188
4540765,15.946616675602044
8964453,11.837068180704094
5281670,9.69975795740362
2384475,13.359183968776904
5187413,15.101849699125964
4114373,8.38130043364697
4779274,18.218528101791563
1280995,12.06002614319479
8190737,14.698137778906627
4380745,16.34977628820775
