UID,MidtermClass
2051651,10.140725553086996
9860471,0.0
8154684,0.0
5803666,0.0
6418019,10.53743298876751
6914659,12.452000725708317
4540765,7.976297975715948
8964453,8.858973441104395
5281670,9.519784630258917
2384475,11.770044693205168
5187413,11.248111116475805
4114373,12.4064377745867
4779274,12.892843134046972
1280995,12.964061078603786
8190737,14.539369249423656
4380745,14.14027377404424
