UID,MidtermClass
2051651,9.44164555919036
9860471,0.0
8154684,0.0
5803666,0.0
6418019,8.797985247923721
6914659,12.111635482718864
4540765,6.3933105055072
8964453,8.341843888187745
5281670,9.52390695891496
2384475,13.412191495508152
5187413,12.48553017608905
4114373,13.599429420452037
4779274,16.145344893087767
1280995,13.446346683943894
8190737,11.415236342639938
4380745,9.149609441406415
