UID,MidtermClass
2051651,10.339489313146869
9860471,0.0
8154684,0.0
5803666,0.0
6418019,10.98726955027223
6914659,11.848409886460612
4540765,9.826267409661709
8964453,9.762661454863007
5281670,10.402096246171196
2384475,11.663993832742053
5187413,11.634110930664177
4114373,10.548081307501212
4779274,12.151783922185386
1280995,11.858539093894592
8190737,11.46211924971397
4380745,11.620863495332353
