UID,MidtermClass
2051651,9.928831803166776
9860471,0.0
8154684,0.0
5803666,0.0
6418019,11.522816344661209
6914659,13.387559819199533
4540765,9.024456333765247
8964453,7.482865689504142
5281670,8.93547012615954
2384475,12.17059859374568
5187413,12.038368335733544
4114373,11.281989118524733
4779274,13.120479543847749
1280995,13.11836356151781
8190737,13.253762948378371
4380745,13.556501138660936
