UID,MidtermClass
2051651,10.266027379384743
9860471,0.0
8154684,0.0
5803666,0.0
6418019,10.947525407751971
6914659,11.723640210010863
4540765,9.536186002153825
8964453,9.524840285560153
5281670,10.180461614953655
2384475,11.503398915819304
5187413,11.433687390823032
4114373,11.01128811480084
4779274,11.991365886552474
1280995,11.946221816451612
8190737,12.214837236369007
4380745,12.274898685908711
