UID,MidtermClass
2051651,13.308520784784008
9860471,0.0
8154684,0.0
5803666,0.0
6418019,6.941594334664943
6914659,12.928024174603712
4540765,11.0106387133724
8964453,11.59703246618115
5281670,9.640328296047423
2384475,14.00545700386106
5187413,12.21034597516988
4114373,9.10906100799777
4779274,11.660490215767531
1280995,14.072765848621843
8190737,11.216323369208828
4380745,15.8130205291912
