UID,MidtermClass
2051651,10.366508384651064
9860471,0.0
8154684,0.0
5803666,0.0
6418019,10.407443356948342
6914659,12.514924924715512
4540765,7.975049208708059
8964453,9.16533411310356
5281670,9.583643751016648
2384475,11.680103483298838
5187413,11.079549460808812
4114373,12.424136342634874
4779274,12.98030295334492
1280995,12.9508970507707
8190737,14.819658983861856
4380745,14.393042119816176
