UID,MidtermClass
2051651,9.090021742566918
9860471,0.0
8154684,0.0
5803666,0.0
6418019,9.413518246063422
6914659,11.3595890392974
4540765,9.135608022468867
8964453,8.780318691567276
5281670,9.328398797731644
2384475,11.363724524386765
5187413,11.363724524386765
4114373,9.13784439057862
4779274,11.363724524386765
1280995,11.819478588529812
8190737,11.03083104590178
4380745,11.411547172398466
