UID,MidtermClass
2051651,10.269056855497524
9860471,0.0
8154684,0.0
5803666,0.0
6418019,11.183756900846314
6914659,12.152105729005443
4540765,9.65507768691112
8964453,9.424036460201185
5281670,10.296318547158425
2384475,11.804794513929115
5187413,11.760183515851455
4114373,11.029518594391073
4779274,12.37825402720569
1280995,12.266622673141214
8190737,12.316384212688014
4380745,12.456336857965606
