UID,MidtermClass
2051651,10.53487517244767
9860471,0.0
8154684,0.0
5803666,0.0
6418019,10.602475128019991
6914659,10.662302121977906
4540765,10.505048420933749
8964453,10.477837712258236
5281670,10.537497965036152
2384475,10.626120701145926
5187413,10.62227667113859
4114373,10.579362313333297
4779274,10.65346698698204
1280995,10.657930525006904
8190737,10.64887587997548
4380745,10.664536822561075
