UID,MidtermClass
2051651,10.241267039557034
9860471,0.0
8154684,0.0
5803666,0.0
6418019,10.979493487730524
6914659,11.95997041112502
4540765,9.657315894024292
8964453,9.585915753959153
5281670,10.313942182123336
2384475,11.749594998433093
5187413,11.71644493340285
4114373,10.479692507274551
4779274,12.305496088940243
1280995,11.971445433635488
8190737,11.520094548223716
4380745,11.701144903388892
