UID,MidtermClass
2051651,0.257310253382108
9860471,0.0
8154684,0.0
5803666,0.0
6418019,1.5912140761778577
6914659,3.242853707255694
4540765,-0.4597189204118251
8964453,-1.3113563850456276
5281670,-0.1484417547822147
2384475,2.205612354751471
5187413,2.06282154563767
4114373,1.1708842795276595
4779274,3.0382589837610268
1280995,3.031458340993015
8190737,2.7760171797780293
4380745,3.069510107668963
