UID,MidtermClass
2051651,7.706843081689871
9860471,0.0
8154684,0.0
5803666,0.0
6418019,5.962042501580006
6914659,10.059626489276356
4540765,3.381610526882174
8964453,7.267857898526834
5281670,8.139228531423614
2384475,15.220319925261345
5187413,13.945684965241092
4114373,8.614041799874665
4779274,17.805566537955723
1280995,14.402529800249363
8190737,11.524145668378027
4380745,11.518389860413086
