UID,MidtermClass
2051651,9.463978916374456
9860471,0.0
8154684,0.0
5803666,0.0
6418019,8.791398209649852
6914659,12.13214553526604
4540765,6.385726057348503
8964453,8.315861224675563
5281670,9.478191977975955
2384475,13.41323020663801
5187413,12.476392130501038
4114373,13.593579253648691
4779274,16.154254791955676
1280995,13.415474146588716
8190737,11.383243617546665
4380745,9.148746089661294
