UID,MidtermClass
2051651,10.208530040043335
9860471,0.0
8154684,0.0
5803666,0.0
6418019,10.615228205603737
6914659,10.94692397563975
4540765,10.047124317409455
8964453,9.918928798492844
5281670,10.250468541334405
2384475,10.742121254933734
5187413,10.727850690487982
4114373,10.487850873104543
4779274,10.898322501332736
1280995,10.93248347820909
8190737,10.90254518104317
4380745,10.98537590187663
