UID,MidtermClass
2051651,14.97276274628834
9860471,0.0
8154684,0.0
5803666,0.0
6418019,-0.7865561130334413
6914659,16.364853500127793
4540765,-1.8100758942682376
8964453,0.4413887034724268
5281670,1.684743468064852
2384475,13.891357928485093
5187413,16.94991473819232
4114373,8.79069686922972
4779274,24.42201837885409
1280995,15.390770282561276
8190737,6.610116223731751
4380745,0.8723149651021345
