UID,MidtermClass
2051651,9.36330824252865
9860471,0.0
8154684,0.0
5803666,0.0
6418019,9.44090698364446
6914659,10.69844764653614
4540765,9.48063425843758
8964453,8.807052556046164
5281670,10.025416284732056
2384475,10.69844764653614
5187413,10.39738032092774
4114373,9.36330824252865
4779274,10.69844764653614
1280995,10.69844764653614
8190737,10.265625305858803
4380745,10.69844764653614
