UID,MidtermClass
2051651,9.347009723741031
9860471,0.0
8154684,0.0
5803666,0.0
6418019,12.123835860411283
6914659,16.319738183071443
4540765,8.536784712352077
8964453,7.381105041928761
5281670,10.059139484377274
2384475,13.565731054804784
5187413,13.247971805468046
4114373,10.800673104397184
4779274,15.561835114239956
1280995,15.003001233952345
8190737,13.741832998153914
4380745,14.535302679315476
