UID,MidtermClass
2051651,10.41373857215534
9860471,0.0
8154684,0.0
5803666,0.0
6418019,11.096299286422797
6914659,12.00384868841393
4540765,9.872881339371729
8964453,9.80685600522346
5281670,10.480781174232428
2384475,11.810245346431682
5187413,11.778952294234651
4114373,10.634049082947904
4779274,12.32328040147006
1280995,12.01439295816776
8190737,11.596919062997776
4380745,11.764853255854652
