UID,MidtermClass
2051651,12.142879867619625
9860471,0.0
8154684,0.0
5803666,0.0
6418019,7.288761815571584
6914659,12.057781854882986
4540765,9.508292544219248
8964453,8.714944789380718
5281670,10.931542069421532
2384475,13.997682492676596
5187413,11.9920760006989
4114373,7.276066025231274
4779274,11.143474856268414
1280995,12.511862042531794
8190737,16.403556393714048
4380745,13.122846418495786
