UID,MidtermClass
2051651,9.297916700823428
9860471,0.0
8154684,0.0
5803666,0.0
6418019,12.104332712768532
6914659,16.488367637510986
4540765,8.512105929166768
8964453,7.310693173833878
5281670,10.043704551986576
2384475,13.596958203410988
5187413,13.257471636446152
4114373,10.720837517935989
4779274,15.683781514282645
1280995,15.05875706257235
8190737,13.712616553796389
4380745,14.534975258481644
