UID,MidtermClass
2051651,16.66924588730311
9860471,0.0
8154684,0.0
5803666,0.0
6418019,13.659414631462834
6914659,17.477609388846915
4540765,15.790469710385272
8964453,12.623704295300648
5281670,13.50276451765276
2384475,16.037196628382972
5187413,15.720422110127638
4114373,14.576769299307513
4779274,17.882715587929447
1280995,15.92549477564723
8190737,15.757525461890474
4380745,15.46435346299262
