UID,MidtermClass
2051651,6.416844966200796
9860471,0.0
8154684,0.0
5803666,0.0
6418019,7.1029538369725165
6914659,7.762482291844859
4540765,8.497616486273634
8964453,7.112043746028034
5281670,4.891127573571317
2384475,7.871540078087879
5187413,8.496593077523446
4114373,6.453614794354835
4779274,8.056026184754009
1280995,10.059143252313234
8190737,8.86498784163111
4380745,8.485401111229264
