UID,MidtermClass
2051651,-593.333265390402
9860471,0.0
8154684,0.0
5803666,0.0
6418019,-696.65092550206
6914659,-817.321818436862
4540765,-550.0286768933753
8964453,-511.73366239893727
5281670,-611.8465102654949
2384475,-770.6379882140319
5187413,-769.2630912843763
4114373,-636.882166828605
4779274,-838.3440025636389
1280995,-806.0944018295211
8190737,-757.5998244684918
4380745,-783.3662919038212
