UID,MidtermClass
2051651,10.252328559057965
9860471,0.0
8154684,0.0
5803666,0.0
6418019,9.312511108248632
6914659,13.783039120618344
4540765,7.675126409432254
8964453,9.136782892908414
5281670,10.520949247504682
2384475,14.289685782929087
5187413,13.254103856698949
4114373,13.849685584729876
4779274,17.808935915368675
1280995,14.162509733039936
8190737,10.59406782221062
4380745,8.36580144860405
