UID,MidtermClass
2051651,7.317089953138163
9860471,0.0
8154684,0.0
5803666,0.0
6418019,8.1260292291178
6914659,8.13107740908733
4540765,9.413700659603704
8964453,6.613952435702806
5281670,5.02473430883972
2384475,8.171650147711379
5187413,9.017788263272676
4114373,6.889530672936911
4779274,8.171118908835341
1280995,9.616656234677864
8190737,8.0420038004412
4380745,7.891915413107236
