UID,MidtermClass
2051651,-18.01527597710714
9860471,0.0
8154684,0.0
5803666,0.0
6418019,-20.700670785751644
6914659,-23.74655280699648
4540765,-28.819049208497407
8964453,-18.05651366944841
5281670,-21.59126673525822
2384475,-8.50035489506394
5187413,-11.339743353427824
4114373,-12.746586031236806
4779274,-20.959912156106387
1280995,-15.2974580259197
8190737,-9.387397836158986
4380745,-12.208973429327276
