UID,MidtermClass
2051651,10.052608270316334
9860471,0.0
8154684,0.0
5803666,0.0
6418019,10.636317300574955
6914659,11.180079842125608
4540765,9.953456870515955
8964453,9.611939894987568
5281670,10.1948827017956
2384475,10.8544694920455
5187413,10.883913169437148
4114373,10.225293408255965
4779274,11.23616784686591
1280995,11.071444267255286
8190737,10.80349333125898
4380745,10.952746119565234
