UID,MidtermClass
2051651,9.826685652755373
9860471,0.0
8154684,0.0
5803666,0.0
6418019,9.452444122226446
6914659,12.650580355385028
4540765,6.460353561395888
8964453,8.733069506866785
5281670,9.895361469723497
2384475,13.965136042831428
5187413,13.101148496995371
4114373,13.506788104144784
4779274,16.716906761421473
1280995,13.939357713842156
8190737,10.8520794658576
4380745,8.717215343151079
