UID,MidtermClass
2051651,9.815250721580815
9860471,0.0
8154684,0.0
5803666,0.0
6418019,9.321784009318703
6914659,12.85360227155618
4540765,6.370529595259706
8964453,8.742393110643047
5281670,9.903324469744874
2384475,13.964630438110463
5187413,13.003270059182082
4114373,13.65872180606232
4779274,16.92361766027156
1280995,14.011052792153038
8190737,10.85434076653046
4380745,8.621887349286476
