UID,MidtermClass
2051651,10.0139544875073
9860471,0.0
8154684,0.0
5803666,0.0
6418019,10.957330655909168
6914659,11.939913545472512
4540765,9.3593020577417
8964453,9.141130083132015
5281670,10.034587480670226
2384475,11.598802927897223
5187413,11.549975052782216
4114373,10.839155448343773
4779274,12.173066951392244
1280995,12.081446954747513
8190737,12.179625738059652
4380745,12.31352679816265
