UID,MidtermClass
2051651,8.921329003387985
9860471,0.0
8154684,0.0
5803666,0.0
6418019,10.519381736907707
6914659,10.6278677901911
4540765,8.832474331114486
8964453,8.245129668701326
5281670,9.134190188170775
2384475,11.171098437969388
5187413,11.160353506020286
4114373,10.038905366663093
4779274,11.09442671320688
1280995,11.598131854539057
8190737,11.383015497924202
4380745,11.33087762547251
