UID,MidtermClass
2051651,9.611378187322508
9860471,0.0
8154684,0.0
5803666,0.0
6418019,8.791692070187182
6914659,12.13372551434083
4540765,6.4483389580745545
8964453,8.720092947190253
5281670,9.368019971508742
2384475,13.46639004669942
5187413,12.619775004930467
4114373,12.938071615663103
4779274,16.08819364228358
1280995,13.32822327738711
8190737,11.227585995717362
4380745,9.086915632831747
