UID,MidtermClass
2051651,10.388726405392129
9860471,0.0
8154684,0.0
5803666,0.0
6418019,10.968520627711971
6914659,11.735621922084706
4540765,9.926106600208623
8964453,9.876404189459064
5281670,10.4471388418264
2384475,11.570276648811744
5187413,11.549301998429256
4114373,10.59422916300223
4779274,12.00742744249972
1280995,11.747820858676048
8190737,11.39195170401141
4380745,11.533877522309307
