UID,MidtermClass
2051651,7.996741714171933
9860471,0.0
8154684,0.0
5803666,0.0
6418019,7.9142389177813985
6914659,10.210159512356933
4540765,8.313608003465655
8964453,7.996741714171933
5281670,8.613227108689367
2384475,10.249244807009754
5187413,9.48908446264124
4114373,8.027728785395196
4779274,10.183900333372346
1280995,9.699922585604048
8190737,9.389425171838884
4380745,9.754021655131242
