UID,MidtermClass
2051651,11.254439249570847
9860471,0.0
8154684,0.0
5803666,0.0
6418019,9.536797699638322
6914659,10.564147217184736
4540765,9.16169807391764
8964453,12.788679305038032
5281670,6.450113006046022
2384475,14.012470786128326
5187413,11.359143016464792
4114373,11.081155228311022
4779274,14.003759726017249
1280995,12.042348931633953
8190737,13.172987664433895
4380745,11.90060152939718
