UID,MidtermClass
2051651,13.81589320528238
9860471,0.0
8154684,0.0
5803666,0.0
6418019,12.96985197327666
6914659,15.626125848361824
4540765,10.433706409948629
8964453,7.337513583011429
5281670,11.508881348894704
2384475,14.331772371128976
5187413,12.675188437549425
4114373,3.741073533595255
4779274,7.544151565240554
1280995,18.58928539767487
8190737,18.2336425059965
4380745,21.2032513396735
