UID,MidtermClass
2051651,8.699102651469973
9860471,0.0
8154684,0.0
5803666,0.0
6418019,11.74378056950928
6914659,14.1547441481104
4540765,8.916454891964495
8964453,7.1307726635739055
5281670,9.945220418616382
2384475,12.751152610490204
5187413,12.54904860298206
4114373,9.812016331919466
4779274,13.322702912612243
1280995,13.877380882627085
8190737,13.3402933225558
4380745,14.10846840779792
