UID,MidtermClass
2051651,10.48288511865736
9860471,0.0
8154684,0.0
5803666,0.0
6418019,10.786360919365109
6914659,10.913973877371244
4540765,10.2963026956611
8964453,10.254204883952127
5281670,10.48936489742938
2384475,10.89189974380032
5187413,10.892021806685056
4114373,10.676698289025952
4779274,10.961856605963789
1280995,10.986800071948007
8190737,10.892559948562385
4380745,10.928770746110883
