UID,MidtermClass
2051651,-5.142253990238904
9860471,0.0
8154684,0.0
5803666,0.0
6418019,-3.34705487540992
6914659,4.601503999853293
4540765,-3.417290372283187
8964453,-5.264411511791699
5281670,-3.684802703859133
2384475,-0.8752904760097713
5187413,-1.422305767698813
4114373,-6.027600006463674
4779274,2.994574306551549
1280995,1.285147687913657
8190737,-2.3226379045648384
4380745,-0.6058982997529516
