UID,MidtermClass
2051651,6.797109137895596
9860471,0.0
8154684,0.0
5803666,0.0
6418019,11.988710251216387
6914659,13.383436575166002
4540765,-0.8195561622034475
8964453,3.7189751435027416
5281670,6.354833706904064
2384475,11.79471353719324
5187413,11.513816666744336
4114373,11.254050749014729
4779274,13.044690504653996
1280995,15.855889522191934
8190737,13.50230563130699
4380745,14.010065016715714
