UID,MidtermClass
2051651,6.282329834817335
9860471,0.0
8154684,0.0
5803666,0.0
6418019,7.472004136263715
6914659,9.491332472368432
4540765,3.913860415309783
8964453,4.90299504966114
5281670,6.070055797497731
2384475,8.700497472385464
5187413,8.23171623592798
4114373,8.843486861821424
4779274,9.706084253494156
1280995,10.087372724161966
8190737,10.967798832047794
4380745,10.718159004172223
