UID,MidtermClass
2051651,10.223743039241244
9860471,0.0
8154684,0.0
5803666,0.0
6418019,10.882951252317824
6914659,11.64709522228764
4540765,9.76072003319778
8964453,9.628919707644393
5281670,10.262206128197503
2384475,11.382080270442636
5187413,11.362992159284278
4114373,10.646427813427705
4779274,11.851450250733691
1280995,11.684433165055156
8190737,11.543419627051128
4380745,11.67427562423737
