id,BERT_GradientBoosting_pred
4380745,13.33299831943289
8190737,3.8943184750764006
8964453,5.277346829833072
2384475,11.745214628224588
4540765,7.585460135798735
6418019,7.992547298277294
4114373,5.876679845740804
5281670,2.138457924573137
1280995,14.648546457113323
2051651,4.224446528363894
4779274,11.725231518120104
5187413,13.902259499529414
6914659,12.001014431028043
