id,FinalClass
4380745,14.016991071855603
8190737,9.522199570066066
8964453,0.8099929550081573
2384475,12.219901815776886
4540765,1.1016477314302033
6418019,11.186958777406566
4114373,13.538648827372743
5281670,6.780481676164278
1280995,13.530960459334386
2051651,5.208282530632749
4779274,11.60208595739041
5187413,8.78416919739577
6914659,9.303634373757504
