id,FinalClass
4380745,13.643065947884017
8190737,9.605472569441183
8964453,3.8905086638017963
2384475,11.552175107599453
4540765,3.4095580519148356
6418019,9.836338308733602
4114373,12.395318063984185
5281670,7.972754518298011
1280995,13.640897928662728
2051651,4.561489511867349
4779274,11.384980242754253
5187413,11.867958088115198
6914659,10.294733811127614
