id,BERT_Lasso_pred
4380745,12.775774496519952
8190737,9.134894336038188
8964453,6.871091183127211
2384475,10.596030001759072
4540765,6.654996834583246
6418019,9.67862124200022
4114373,10.942107596539362
5281670,8.596547024552518
1280995,11.65043290201925
2051651,6.055157078538269
4779274,10.431573862539944
5187413,10.52763759074327
6914659,9.880590396494052
