id,FinalClass
4380745,13.093775244174843
8190737,4.165078371051453
8964453,5.145389098722264
2384475,11.281608283373181
4540765,7.097485993516805
6418019,7.897990389257078
4114373,7.452151633224363
5281670,1.6459149083587348
1280995,14.607818286386433
2051651,4.211600145940992
4779274,11.425816897309783
5187413,14.0088782581952
6914659,12.001014431028043
