id,FinalClass
4380745,2.1245647367781166
8190737,1.9160220815284315
8964453,-7.519444840560255
2384475,3.470987490858325
4540765,-10.786247807635009
6418019,0.46919044662456005
4114373,5.261124676861643
5281670,-4.806177349505434
1280995,6.783571052775746
2051651,-0.2786009944225251
4779274,2.818306306002068
5187413,5.583260839330994
6914659,-0.10920465473434544
