id,FinalClass
4380745,12.448879104936749
8190737,9.162108573554177
8964453,7.507389672678115
2384475,10.085828313470067
4540765,7.507385796292882
6418019,9.477852108924916
4114373,10.940949120858678
5281670,8.494114123188313
1280995,11.736590852519317
2051651,6.045125874108631
4779274,9.898226581210336
5187413,10.861052218929222
6914659,9.628912660028913
