id,FinalClass
4380745,10.901173578709793
8190737,9.079052174268975
8964453,7.626247692258108
2384475,10.742886132296777
4540765,8.274277901763472
6418019,9.657508119923392
4114373,11.410625533581722
5281670,8.707943079779932
1280995,12.236683274481017
2051651,8.144607509710296
4779274,10.443694777390029
5187413,11.42903926949315
6914659,10.241917280843673
