id,FinalClass
4380745,14.27715945583634
8190737,9.78236795404657
8964453,1.3909531076875439
2384475,13.391217079345381
4540765,3.775036151059453
6418019,12.806968394354598
4114373,12.860265818777869
5281670,10.14175142956691
1280995,13.79112884331493
2051651,5.468450914613243
4779274,11.862254341371006
5187413,9.044337581376254
6914659,9.563802757738081
