id,BERT_MLP_pred
4380745,20.139011831796495
8190737,10.08701582557947
8964453,-0.4294778223941483
2384475,8.674275868747097
4540765,15.246363291907642
6418019,5.0798366268051325
4114373,15.999240255933824
5281670,12.617798588580614
1280995,11.930931043118699
2051651,14.958830749779729
4779274,6.225735030617701
5187413,12.702780214152884
6914659,11.827090144784023
