id,FinalClass
4380745,12.507428290348617
8190737,9.143962679171583
8964453,7.195035124621772
2384475,10.457792753193544
4540765,7.032628581863732
6418019,9.665315653579338
4114373,10.788365990255286
5281670,8.660284964744507
1280995,11.425104888579416
2051651,6.3662677481631995
4779274,10.298917380287861
5187413,10.391308900874805
6914659,9.815074708559225
