id,FinalClass
4380745,10.366938670177577
8190737,10.019072954103105
8964453,9.873168799669662
2384475,10.142289419244186
4540765,9.944797864481249
6418019,10.077122259153306
4114373,10.216472817798872
5281670,9.930370421923877
1280995,10.3020822934709
2051651,9.600922122724763
4779274,10.116402117558948
5187413,10.223521919515814
6914659,10.113823016565194
