id,FinalClass
4380745,14.467713959676523
8190737,9.57839450986175
8964453,4.737498763239321
2384475,10.67215272647299
4540765,5.294603350060328
6418019,10.636809760188564
4114373,11.914034471783364
5281670,7.312481161870127
1280995,13.806739252495875
2051651,4.797502058980144
4779274,10.572984396892043
5187413,10.55747872030977
6914659,9.138786777418092
