id,FinalClass
4380745,13.056644466928255
8190737,3.586705336971131
8964453,5.4586730189513935
2384475,10.68803487437811
4540765,7.885910856186448
6418019,7.659326773349585
4114373,9.12399675166216
5281670,3.753012401972902
1280995,15.592446608975639
2051651,4.8172900485245025
4779274,11.641055205943985
5187413,13.933480503293696
6914659,12.059466299920384
