id,FinalClass
4380745,9.550763471176998
8190737,9.4389427544908
8964453,9.389269017313053
2384475,9.471178609359853
4540765,9.412284453584475
6418019,9.452075554617341
4114373,9.493605601508692
5281670,9.405302385854553
1280995,9.525361095711506
2051651,9.307846474941027
4779274,9.469680653763525
5187413,9.500796577699187
6914659,9.469765414778793
