id,FinalClass
4380745,14.453806018502048
8190737,9.565535160369365
8964453,4.720744301567917
2384475,10.702125684472787
4540765,5.305817674021487
6418019,10.66088858927669
4114373,11.976975239992907
5281670,7.295736176692095
1280995,13.808666648334794
2051651,4.763324641439081
4779274,10.55525763430136
5187413,10.551795030792611
6914659,9.116718093726732
