id,FinalClass
4380745,0.9702741125462815
8190737,1.0194980700163814
8964453,-9.580324573930373
2384475,0.777601949623364
4540765,-12.30321576068276
6418019,-1.6130487879746622
4114373,3.491816721388431
5281670,-4.4702799373356354
1280995,4.7565607023393435
2051651,-3.888711493452875
4779274,1.3877799590181494
5187413,3.787107530638144
6914659,-0.8885342917667525
