id,FinalClass
4380745,14.277159455836255
8190737,9.782367954046833
8964453,1.3909531076878636
2384475,13.391217079345267
4540765,3.9488712282872314
6418019,3.3288122956342647
4114373,15.7334294501415
5281670,10.578104625382963
1280995,13.791128843315022
2051651,5.468450914613669
4779274,11.862254341370999
5187413,9.044337581376311
6914659,9.563802757738046
