id,CodeBERT_SVR_pred
4380745,10.54712394663891
8190737,9.488653772480001
8964453,9.277368268739188
2384475,9.792641859169311
4540765,9.38132296247854
6418019,9.647433788110902
4114373,9.99361698122545
5281670,9.40415631864838
1280995,10.190291465083057
2051651,8.73919473101364
4779274,9.712237493981544
5187413,9.973350845252364
6914659,9.718138447110789
