id,FinalClass
4380745,14.88566417739505
8190737,10.021241943425608
8964453,3.038255227112768
2384475,9.811353626070188
4540765,1.78668935909015
6418019,10.686810118220672
4114373,15.801199066805863
5281670,4.243534348067033
1280995,16.790416333703707
2051651,9.312280344493496
4779274,9.261459981008704
5187413,10.6458735279824
6914659,6.950717935635852
