id,FinalClass
4380745,12.631354700783682
8190737,9.078565385787249
8964453,7.183324588205657
2384475,10.034189776500035
4540765,7.161646048083376
6418019,9.369186286384968
4114373,11.048154516580222
5281670,8.304842800004
1280995,11.943679700193586
2051651,5.593305601650863
4779274,9.849567937148716
5187413,10.995840856387565
6914659,9.558081887325303
