id,CodeBERT_GradientBoosting_pred
4380745,12.514161998795991
8190737,3.9762433151345493
8964453,5.883944211916621
2384475,12.899439946971489
4540765,10.231702020039561
6418019,2.860846605262514
4114373,10.030599366221326
5281670,3.682691830198603
1280995,15.24919492674658
2051651,4.794501667335008
4779274,11.84110730114143
5187413,13.871553293992477
6914659,11.378518618101833
