id,FinalClass
4380745,12.665327377851336
8190737,9.121141953784507
8964453,6.881330555715598
2384475,10.51643760146852
4540765,6.669476568118325
6418019,9.624121756928387
4114373,10.905057109335349
5281670,8.563917162707558
1280995,11.611932568779268
2051651,6.067175136424959
4779274,10.361046824320672
5187413,10.52090306320282
6914659,9.830973235493968
