id,FinalClass
4380745,13.807852203343522
8190737,9.629276694764709
8964453,3.3973589974790483
2384475,11.744089302270503
4540765,2.5062747928187035
6418019,9.627574417152278
4114373,12.697548182222981
5281670,7.991423396393958
1280995,13.977046272080138
2051651,4.0686555432886005
4779274,11.628130532124914
5187413,12.301647712701659
6914659,10.483338924271903
