id,FinalClass
4380745,14.19614982250856
8190737,9.701358320718999
8964453,1.3387322884534907
2384475,12.404885173841416
4540765,1.2882173006243303
6418019,11.297442313523891
4114373,13.725505352794979
5281670,7.263125379353191
1280995,13.71011920998732
2051651,5.387441281285685
4779274,11.781244708043342
5187413,8.96332794804869
6914659,9.482793124410431
