id,FinalClass
4380745,12.77133115643616
8190737,2.985311606173514
8964453,4.048316401250557
2384475,9.923182209484708
4540765,6.725255982207158
6418019,3.1750657333236765
4114373,7.537747112948602
5281670,3.443825367736376
1280995,14.302425969986555
2051651,3.0945364872273395
4779274,10.094821417702796
5187413,11.513573003502819
6914659,8.096687515305176
