id,FinalClass
4380745,13.282310495623499
8190737,4.298611283715906
8964453,5.883944211916622
2384475,12.97911386532671
4540765,10.464192388950933
6418019,2.8052065349687636
4114373,10.248695607009626
5281670,4.1061322083706155
1280995,14.679821305258141
2051651,4.760102863266285
4779274,11.841107301141427
5187413,14.028245398617559
6914659,11.378518618101833
