id,FinalClass
4380745,12.95170951476183
8190737,9.103845736204299
8964453,7.0997193255277145
2384475,10.22009190163481
4540765,7.0755875411709335
6418019,9.477406285094327
4114373,11.191331747111844
5281670,8.340913291259339
1280995,12.125567196938443
2051651,5.437275554106973
4779274,10.003181945675546
5187413,11.099444778995922
6914659,9.669379726972572
