id,CodeBERT_MLP_pred
4380745,14.42433522077334
8190737,10.468766190533433
8964453,3.3406968972320428
2384475,10.106908003012162
4540765,4.421591577122895
6418019,11.755350649181496
4114373,13.73994685661486
5281670,5.696680252133006
1280995,14.891544162804623
2051651,5.900362291205426
4779274,9.964706867817503
5187413,8.845315289179625
6914659,7.686401329847878
