id,TF-IDF_Lasso_pred
4380745,16.44873299716261
8190737,11.442451094833421
8964453,6.137596410260395
2384475,10.269249239520063
4540765,6.076317055252334
6418019,12.048921237141656
4114373,14.44265973335404
5281670,8.491881102522655
1280995,16.06631205591013
2051651,6.305217959880029
4779274,11.013221982955136
5187413,11.002256617739311
6914659,9.379369921501826
