id,TF-IDF_LinearRegression_pred
4380745,17.694338932082513
8190737,10.79076666089493
8964453,4.011688854517585
2384475,8.444617650642497
4540765,4.1586253821378545
6418019,11.335184200954895
4114373,11.532861263748444
5281670,8.749527552221977
1280995,16.791146508659462
2051651,5.451693761428263
4779274,10.490570390247086
5187413,8.40043574029858
6914659,8.515842118394232
