id,TF-IDF_ElasticNet_pred
4380745,16.441292793472854
8190737,11.291391472709114
8964453,5.88130723042903
2384475,10.377202122070795
4540765,5.868736191545019
6418019,12.067005574950354
4114373,14.326146661594464
5281670,8.418299960737665
1280995,15.913861637255852
2051651,6.212363229667211
4779274,11.033123273370398
5187413,10.736614698067232
6914659,9.331896027531247
