id,FinalClass
4380745,11.423647704784205
8190737,9.770824576270277
8964453,9.859929322460559
2384475,10.749059827912085
4540765,10.324806893749432
6418019,10.755210970834765
4114373,11.216488904216378
5281670,9.62100414863635
1280995,11.452104765342854
2051651,7.604345993251167
4779274,10.47451657811387
5187413,10.64133080056052
6914659,10.315869967810624
