id,TF-IDF_GradientBoosting_pred
4380745,7.080371899903393
8190737,4.825072011694189
8964453,4.30815717039927
2384475,8.730144965695068
4540765,8.306009255291228
6418019,6.40501845664278
4114373,10.905027355934827
5281670,8.428618163143296
1280995,8.25866125796654
2051651,4.692596280947575
4779274,9.019882130316423
5187413,9.449613012054455
6914659,8.112113831548617
