id,FinalClass
4380745,7.391056169815688
8190737,3.9055997752061833
8964453,4.705190075331596
2384475,8.350703007008784
4540765,8.983463453415746
6418019,6.443689115810899
4114373,11.500542366865126
5281670,8.161087342129207
1280995,8.381231183063006
2051651,3.3426612297653637
4779274,8.171148223657957
5187413,9.162488595359587
6914659,7.879273566365313
