id,FinalClass
4380745,-1.9223529868709548
8190737,7.684032892084525
8964453,2.8544413085276137
2384475,5.004140886381512
4540765,0.2402306653568349
6418019,4.472879439275536
4114373,4.636140167870643
5281670,5.89834089853698
1280995,4.068646443458091
2051651,10.267604468221169
4779274,6.1138704466030775
5187413,5.015789029722636
6914659,5.1339079993939345
