id,FinalClass
4380745,-1.4776509146050731
8190737,3.960931943889223
8964453,2.622463682806967
2384475,2.1388419492370105
4540765,1.6437630033302826
6418019,2.383470239005451
4114373,2.407173671168191
5281670,3.1413161021011837
1280995,1.8475934519417905
2051651,6.9598485060922055
4779274,2.622483790117856
5187413,2.5838154774225015
6914659,2.019861486772683
