id,Word2Vec_LinearRegression_pred
4380745,5.183518686818246
8190737,41.016788133676016
8964453,7.567655733216526
2384475,13.013527151419112
4540765,6.4760859944615845
6418019,11.850453068667122
4114373,17.590438771599025
5281670,16.975061378390564
1280995,23.079938545654727
2051651,10.770435121629873
4779274,12.183074726760395
5187413,8.020374579415062
6914659,11.468453048349858
