id,FinalClass
4380745,12.550684164290313
8190737,11.87291884330995
8964453,11.766395086443046
2384475,11.660784631152895
4540765,11.595262791264075
6418019,10.67932383890284
4114373,10.73484718763289
5281670,11.71434586714606
1280995,13.585809166420649
2051651,11.871146540253802
4779274,11.661950643450988
5187413,11.597980622761416
6914659,11.661950643450988
