id,FinalClass
4380745,9.889791524694743
8190737,9.172601876582718
8964453,8.952035980157081
2384475,9.429432220636896
4540765,8.952987523681738
6418019,9.268266242364872
4114373,9.57669281808877
5281670,9.055532067632857
1280995,9.73207944019101
2051651,8.62575203091274
4779274,9.359430936373313
5187413,9.528906093108791
6914659,9.322123808671005
