id,FinalClass
4380745,11.790065297247022
8190737,22.86365395735997
8964453,12.531324837322865
2384475,12.841529744979933
4540765,5.807364817415408
6418019,13.406252725072804
4114373,14.463455782839992
5281670,9.435727797142583
1280995,18.658215023629054
2051651,5.2023708126557136
4779274,12.12170579238704
5187413,7.586644923803464
6914659,10.668884510362501
