id,FinalClass
4380745,11.194797561643101
8190737,9.180614057271224
8964453,7.793534298068861
2384475,10.730900319729377
4540765,8.17522792926105
6418019,9.739301171242351
4114373,11.389655075798755
5281670,8.855151315225015
1280995,12.210507098709002
2051651,7.999747551700349
4779274,10.45202680653578
5187413,11.391440726559
6914659,10.285857723174649
