id,Word2Vec_GradientBoosting_pred
4380745,10.227387274200046
8190737,12.05958945724011
8964453,12.548294956966162
2384475,12.988003855372396
4540765,8.04092338039551
6418019,7.564150507631834
4114373,11.125404715869943
5281670,6.53451194610632
1280995,15.840581721583527
2051651,8.64165712085182
4779274,10.167194336021554
5187413,11.125813484469504
6914659,10.415166821836634
