id,Word2Vec_Ridge_pred
4380745,13.719260067662786
8190737,10.246312935459365
8964453,6.421845361102582
2384475,10.963838071781968
4540765,5.629052502344978
6418019,9.537061770772553
4114373,11.567533170904658
5281670,8.107587705333497
1280995,13.914864198892609
2051651,5.736691139353425
4779274,10.508507741349806
5187413,10.34347546789178
6914659,8.979640687725244
