id,FinalClass
4380745,-10.258530317367617
8190737,8.086677485374265
8964453,-1.955697653857909
2384475,1.4676023566118825
4540765,-6.390010775404809
6418019,1.0315504762244263
4114373,1.8967637906754966
5281670,5.139260533203945
1280995,1.5674228833891721
2051651,12.473711410750687
4779274,4.431437462879794
5187413,3.8199919861605114
6914659,3.7573893906374263
