id,FinalClass
4380745,11.257346943329871
8190737,12.01620734055788
8964453,12.505704387085116
2384475,12.95543436871715
4540765,8.495076627755088
6418019,7.8965757463290664
4114373,10.736753575303462
5281670,6.503435593298249
1280995,15.999221814435773
2051651,7.3135800868714655
4779274,10.167032749833735
5187413,11.188888265586735
6914659,10.398781867434801
