id,Word2Vec_MLP_pred
4380745,11.729692396371105
8190737,21.41281606298974
8964453,13.860984474309692
2384475,13.157202625063588
4540765,9.582658096255805
6418019,9.552436169022947
4114373,15.348251343955782
5281670,8.456650403035033
1280995,18.667210531692714
2051651,15.924890082484966
4779274,12.211471436520776
5187413,9.556744250538184
6914659,9.081052489143325
