id,FinalClass
4380745,9.256223755139244
8190737,8.901858231270875
8964453,8.15802073935764
2384475,9.151507314380751
4540765,7.940901040323661
6418019,8.738813326335507
4114373,9.161750576528387
5281670,8.631378251496413
1280995,9.300891107941034
2051651,8.185685929964846
4779274,9.086174086942732
5187413,9.117733562297593
6914659,8.951332480492946
